corvid::Value	WHERE	MAPPED	the Python value mapping (None/bool/int/float/str/bytes/array('f')/list/dict)	golden:values.txt:VTYPE
corvid::Value::Null	WHERE	MAPPED	the Python value mapping (None/bool/int/float/str/bytes/array('f')/list/dict)	golden:values.txt:VTYPE
corvid::Value::Bool	WHERE	MAPPED	the Python value mapping (None/bool/int/float/str/bytes/array('f')/list/dict)	golden:values.txt:VTYPE
corvid::Value::Int	WHERE	MAPPED	the Python value mapping (None/bool/int/float/str/bytes/array('f')/list/dict)	golden:values.txt:VTYPE
corvid::Value::Float	WHERE	MAPPED	the Python value mapping (None/bool/int/float/str/bytes/array('f')/list/dict)	golden:values.txt:VTYPE
corvid::Value::Text	WHERE	MAPPED	the Python value mapping (None/bool/int/float/str/bytes/array('f')/list/dict)	golden:values.txt:VTYPE
corvid::Value::Bytes	WHERE	MAPPED	the Python value mapping (None/bool/int/float/str/bytes/array('f')/list/dict)	golden:values.txt:VTYPE
corvid::Value::Array	WHERE	MAPPED	the Python value mapping (None/bool/int/float/str/bytes/array('f')/list/dict)	golden:values.txt:VTYPE
corvid::Value::Map	WHERE	MAPPED	the Python value mapping (None/bool/int/float/str/bytes/array('f')/list/dict)	golden:values.txt:VTYPE
corvid::Value::Vector	WHERE	MAPPED	the Python value mapping (None/bool/int/float/str/bytes/array('f')/list/dict)	golden:values.txt:VTYPE
corvid::value::MAX_NESTING	Lifecycle	N/A	N/A	engine byte codec is dump/load internal machinery, not a binding API
corvid::Value::encode	Lifecycle	N/A	N/A	engine byte codec is dump/load internal machinery, not a binding API
corvid::Value::decode	Lifecycle	N/A	N/A	engine byte codec is dump/load internal machinery, not a binding API
corvid::Value::get	WHERE	N/A	N/A	nested-path reads are native dict/list traversal
corvid::Value::get_path	WHERE	N/A	N/A	nested-path reads are native dict/list traversal
corvid::Value::as_bool	WHERE	N/A	N/A	documents decode to native Python values; typed accessors are native-language operations
corvid::Value::as_int	WHERE	N/A	N/A	documents decode to native Python values; typed accessors are native-language operations
corvid::Value::as_float	WHERE	N/A	N/A	documents decode to native Python values; typed accessors are native-language operations
corvid::Value::as_text	WHERE	N/A	N/A	documents decode to native Python values; typed accessors are native-language operations
corvid::Value::as_bytes	WHERE	N/A	N/A	documents decode to native Python values; typed accessors are native-language operations
corvid::Value::as_vector	WHERE	N/A	N/A	documents decode to native Python values; typed accessors are native-language operations
corvid::CmpOp	WHERE	MAPPED	FieldRef eq/ne/lt/le/gt/ge	golden:queries.txt:QF_*
corvid::CmpOp::Eq	WHERE	MAPPED	FieldRef eq/ne/lt/le/gt/ge	golden:queries.txt:QF_*
corvid::CmpOp::Ne	WHERE	MAPPED	FieldRef eq/ne/lt/le/gt/ge	golden:queries.txt:QF_*
corvid::CmpOp::Lt	WHERE	MAPPED	FieldRef eq/ne/lt/le/gt/ge	golden:queries.txt:QF_*
corvid::CmpOp::Le	WHERE	MAPPED	FieldRef eq/ne/lt/le/gt/ge	golden:queries.txt:QF_*
corvid::CmpOp::Gt	WHERE	MAPPED	FieldRef eq/ne/lt/le/gt/ge	golden:queries.txt:QF_*
corvid::CmpOp::Ge	WHERE	MAPPED	FieldRef eq/ne/lt/le/gt/ge	golden:queries.txt:QF_*
corvid::Predicate	WHERE	MAPPED	Predicate via field()/and_()/or_()/not_()	golden:queries.txt:QF_* + golden:mutations.txt:DELETE_IN
corvid::Predicate::Compare	WHERE	MAPPED	Predicate via field()/and_()/or_()/not_()	golden:queries.txt:QF_* + golden:mutations.txt:DELETE_IN
corvid::Predicate::Exists	WHERE	MAPPED	Predicate via field()/and_()/or_()/not_()	golden:queries.txt:QF_* + golden:mutations.txt:DELETE_IN
corvid::Predicate::In	WHERE	MAPPED	Predicate via field()/and_()/or_()/not_()	golden:queries.txt:QF_* + golden:mutations.txt:DELETE_IN
corvid::Predicate::Between	WHERE	MAPPED	Predicate via field()/and_()/or_()/not_()	golden:queries.txt:QF_* + golden:mutations.txt:DELETE_IN
corvid::Predicate::StartsWith	WHERE	MAPPED	Predicate via field()/and_()/or_()/not_()	golden:queries.txt:QF_* + golden:mutations.txt:DELETE_IN
corvid::Predicate::Contains	WHERE	MAPPED	Predicate via field()/and_()/or_()/not_()	golden:queries.txt:QF_* + golden:mutations.txt:DELETE_IN
corvid::Predicate::GeoWithin	Geo	MAPPED	Predicate via field()/and_()/or_()/not_()	golden:geo.txt:26 QF_GEO (the geo-predicate fixture line)
corvid::Predicate::And	WHERE	MAPPED	Predicate via field()/and_()/or_()/not_()	golden:queries.txt:QF_* + golden:mutations.txt:DELETE_IN
corvid::Predicate::Or	WHERE	MAPPED	Predicate via field()/and_()/or_()/not_()	golden:queries.txt:QF_* + golden:mutations.txt:DELETE_IN
corvid::Predicate::Not	WHERE	MAPPED	Predicate via field()/and_()/or_()/not_()	golden:queries.txt:QF_* + golden:mutations.txt:DELETE_IN
corvid::Predicate::and	WHERE	MAPPED	Predicate via field()/and_()/or_()/not_()	golden:queries.txt:QF_* + golden:mutations.txt:DELETE_IN
corvid::Predicate::or	WHERE	MAPPED	Predicate via field()/and_()/or_()/not_()	golden:queries.txt:QF_* + golden:mutations.txt:DELETE_IN
corvid::Predicate::eval	WHERE	N/A	N/A	predicate evaluation is engine-internal; bindings pass predicates to Query.filter()/deleteWhere()
corvid::field	WHERE	MAPPED	Predicate via field()/and_()/or_()/not_()	golden:queries.txt:QF_* + golden:mutations.txt:DELETE_IN
corvid::filter::FieldRef	WHERE	MAPPED	Predicate via field()/and_()/or_()/not_()	golden:queries.txt:QF_* + golden:mutations.txt:DELETE_IN
corvid::filter::FieldRef::eq	WHERE	MAPPED	Predicate via field()/and_()/or_()/not_()	golden:queries.txt:QF_* + golden:mutations.txt:DELETE_IN
corvid::filter::FieldRef::ne	WHERE	MAPPED	Predicate via field()/and_()/or_()/not_()	golden:queries.txt:QF_* + golden:mutations.txt:DELETE_IN
corvid::filter::FieldRef::lt	WHERE	MAPPED	Predicate via field()/and_()/or_()/not_()	tests/test_value_mapping.py::test_lt_predicate_executes (no fixture line dispatches lt; QF_AND uses ge/le)
corvid::filter::FieldRef::le	WHERE	MAPPED	Predicate via field()/and_()/or_()/not_()	golden:queries.txt:QF_* + golden:mutations.txt:DELETE_IN
corvid::filter::FieldRef::gt	WHERE	MAPPED	Predicate via field()/and_()/or_()/not_()	golden:queries.txt:QF_* + golden:mutations.txt:DELETE_IN
corvid::filter::FieldRef::ge	WHERE	MAPPED	Predicate via field()/and_()/or_()/not_()	golden:queries.txt:QF_* + golden:mutations.txt:DELETE_IN
corvid::filter::FieldRef::exists	WHERE	MAPPED	Predicate via field()/and_()/or_()/not_()	golden:queries.txt:QF_* + golden:mutations.txt:DELETE_IN
corvid::filter::FieldRef::is_in	WHERE	MAPPED	Predicate via field()/and_()/or_()/not_()	golden:queries.txt:QF_* + golden:mutations.txt:DELETE_IN
corvid::filter::FieldRef::between	WHERE	MAPPED	Predicate via field()/and_()/or_()/not_()	golden:queries.txt:QF_* + golden:mutations.txt:DELETE_IN
corvid::filter::FieldRef::starts_with	WHERE	MAPPED	Predicate via field()/and_()/or_()/not_()	golden:queries.txt:QF_* + golden:mutations.txt:DELETE_IN
corvid::filter::FieldRef::contains	WHERE	MAPPED	Predicate via field()/and_()/or_()/not_()	golden:queries.txt:QF_* + golden:mutations.txt:DELETE_IN
corvid::filter::FieldRef::within_km	Geo	MAPPED	Predicate via field()/and_()/or_()/not_()	golden:geo.txt:26 QF_GEO (the geo-predicate fixture line)
corvid::Metric	Vector search	MAPPED	Metric type ('cosine' | 'dot' | 'l2')	golden:queries.txt:QVEC
corvid::Metric::Cosine	Vector search	MAPPED	Metric type ('cosine' | 'dot' | 'l2')	golden:queries.txt:QVEC (query) + tests/test_value_mapping.py::test_vector_query_per_metric
corvid::Metric::Dot	Vector search	MAPPED	Metric type ('cosine' | 'dot' | 'l2')	golden:schema.txt:31 IDX_VEC_Q (index creation) + tests/test_value_mapping.py::test_vector_query_per_metric (query; QVEC never runs dot)
corvid::Metric::L2	Vector search	MAPPED	Metric type ('cosine' | 'dot' | 'l2')	golden:schema.txt:32 IDX_VEC_DISK (index creation) + tests/test_value_mapping.py::test_vector_query_per_metric (query; QVEC never runs l2)
corvid::Metric::distance	Vector search	N/A	N/A	pure math helper, not a binding API; metric behavior surfaces via Query.vector metric + index creation
corvid::distance::dot	Vector search	N/A	N/A	pure math helpers, not binding APIs; distance behavior surfaces via Query.vector
corvid::distance::l2_squared	Vector search	N/A	N/A	pure math helpers, not binding APIs; distance behavior surfaces via Query.vector
corvid::distance::cosine_distance	Vector search	N/A	N/A	pure math helpers, not binding APIs; distance behavior surfaces via Query.vector
corvid::Quantization	Vector search	MAPPED	Quantization type ('none' | 'binary' | 'scalar')	golden:schema.txt:IDX_VEC_Q
corvid::Quantization::None	Vector search	MAPPED	Quantization type ('none' | 'binary' | 'scalar')	golden:schema.txt:IDX_VEC_Q
corvid::Quantization::Binary	Vector search	MAPPED	Quantization type ('none' | 'binary' | 'scalar')	golden:schema.txt:IDX_VEC_Q
corvid::Quantization::Scalar	Vector search	MAPPED	Quantization type ('none' | 'binary' | 'scalar')	golden:schema.txt:IDX_VEC_Q
corvid::Result	Lifecycle	MAPPED	raises CorvidError	golden:mutations.txt:INSERT_ERR
corvid::Error	Lifecycle	MAPPED	CorvidError.code (ErrorCode table)	test_error_code_table
corvid::Error::Database	Lifecycle	MAPPED	ErrorCode.DATABASE (code 1)	test_error_code_table
corvid::Error::Transaction	Lifecycle	MAPPED	ErrorCode.TRANSACTION (code 2)	test_error_code_table
corvid::Error::Table	Lifecycle	MAPPED	ErrorCode.TABLE (code 3)	test_error_code_table
corvid::Error::Storage	Lifecycle	MAPPED	ErrorCode.STORAGE (code 4)	test_error_code_table
corvid::Error::Commit	Lifecycle	MAPPED	ErrorCode.COMMIT (code 5)	test_error_code_table
corvid::Error::SetDurability	Lifecycle	MAPPED	ErrorCode.SET_DURABILITY (code 6)	test_error_code_table
corvid::Error::Compaction	Lifecycle	MAPPED	ErrorCode.COMPACTION (code 7)	test_error_code_table
corvid::Error::Decode	Lifecycle	MAPPED	ErrorCode.DECODE (code 8)	test_error_code_table
corvid::Error::CorruptIndex	Schema (ALTER)	MAPPED	ErrorCode.CORRUPT_INDEX (code 9)	test_error_code_table
corvid::Error::ReservedCollection	Schema (ALTER)	MAPPED	ErrorCode.RESERVED_COLLECTION (code 10)	test_error_code_table; golden:mutations.txt:INSERT_ERR(err:10)
corvid::Error::InvalidName	Schema (ALTER)	MAPPED	ErrorCode.INVALID_NAME (code 11)	test_error_code_table; golden:mutations.txt:INSERT_ERR(err:11)
corvid::Error::InvalidArgument	Hybrid	MAPPED	ErrorCode.INVALID_ARGUMENT (code 12)	test_error_code_table; golden:mutations.txt:UPDATE_ABORT(err:12)
corvid::Error::IncompatibleFormat	Lifecycle	MAPPED	ErrorCode.INCOMPATIBLE_FORMAT (code 13)	test_error_code_table
corvid::Error::EmptyIndexTraining	Schema (ALTER)	MAPPED	ErrorCode.EMPTY_INDEX_TRAINING (code 14)	test_error_code_table; golden:schema.txt:IDX_PQ_ERR(err:14)
corvid::Error::SchemaViolation	Schema (ALTER)	MAPPED	ErrorCode.SCHEMA_VIOLATION (code 15)	test_error_code_table; golden:schema.txt:SCHEMA_ERR(err:15)
corvid::Error::InvalidDump	Lifecycle	MAPPED	ErrorCode.INVALID_DUMP (code 16)	test_error_code_table
corvid::Error::BackupTargetExists	Lifecycle	MAPPED	ErrorCode.BACKUP_TARGET_EXISTS (code 17)	test_error_code_table; golden:admin.txt:BACKUP_DUP(err:17)
corvid::Error::Io	Lifecycle	MAPPED	ErrorCode.IO (code 18)	test_error_code_table
corvid::ResultRow	SELECT shaping	MAPPED	Row { key, score, document }	golden:queries.txt
corvid::PlanShape	Lifecycle	N/A	N/A	plan shapes are advisory diagnostics excluded from the v1 ABI (FFI.md §9)
corvid::PlanShape::AnnIndex	Lifecycle	N/A	N/A	plan shapes are advisory diagnostics excluded from the v1 ABI (FFI.md §9)
corvid::PlanShape::TextIndex	Lifecycle	N/A	N/A	plan shapes are advisory diagnostics excluded from the v1 ABI (FFI.md §9)
corvid::PlanShape::IndexedWindow	Lifecycle	N/A	N/A	plan shapes are advisory diagnostics excluded from the v1 ABI (FFI.md §9)
corvid::PlanShape::SortIndex	Lifecycle	N/A	N/A	plan shapes are advisory diagnostics excluded from the v1 ABI (FFI.md §9)
corvid::PlanShape::StreamingTopK	Lifecycle	N/A	N/A	plan shapes are advisory diagnostics excluded from the v1 ABI (FFI.md §9)
corvid::PlanShape::Scan	Lifecycle	N/A	N/A	plan shapes are advisory diagnostics excluded from the v1 ABI (FFI.md §9)
corvid::QueryBuilder	SELECT shaping	MAPPED	Query (Collection.query())	golden:queries.txt
corvid::Collection::query	SELECT shaping	MAPPED	Query (Collection.query())	golden:queries.txt
corvid::QueryBuilder::filter	WHERE	MAPPED	Query.filter	golden:queries.txt:QF_COUNT
corvid::QueryBuilder::vector	Vector search	MAPPED	Query.vector	golden:queries.txt:QVEC
corvid::QueryBuilder::text	Text search	MAPPED	Query.text	golden:queries.txt:QTEXT
corvid::QueryBuilder::fuse_rrf	Hybrid	MAPPED	Query.fuse_rrf	golden:queries.txt:HYBRID_F
corvid::QueryBuilder::rerank_mmr	Hybrid	MAPPED	Query.rerank_mmr	golden:queries.txt:HYBRID
corvid::QueryBuilder::limit	SELECT shaping	MAPPED	Query.limit	golden:queries.txt:ORDER_BY
corvid::QueryBuilder::offset	SELECT shaping	MAPPED	Query.offset	golden:queries.txt:ORDER_BY
corvid::QueryBuilder::order_by	SELECT shaping	MAPPED	Query.order_by	golden:queries.txt:ORDER_BY
corvid::QueryBuilder::approx	Vector search	MAPPED	Query.approx	golden:queries.txt:APPROX
corvid::QueryBuilder::select	SELECT shaping	MAPPED	Query.select	golden:queries.txt:SELECT
corvid::QueryBuilder::count	Aggregations	MAPPED	Query.count	golden:queries.txt:AGG_COUNT
corvid::QueryBuilder::group_count	Aggregations	MAPPED	Query.group_count	golden:queries.txt:AGG_GCOUNT
corvid::QueryBuilder::sum	Aggregations	MAPPED	Query.sum	golden:queries.txt:AGG_SUM
corvid::QueryBuilder::avg	Aggregations	MAPPED	Query.avg	golden:queries.txt:AGG_AVG
corvid::QueryBuilder::min	Aggregations	MAPPED	Query.min	golden:queries.txt:AGG_MIN
corvid::QueryBuilder::max	Aggregations	MAPPED	Query.max	golden:queries.txt:AGG_MAX
corvid::QueryBuilder::count_distinct	Aggregations	MAPPED	Query.count_distinct	golden:queries.txt:AGG_DISTINCT
corvid::QueryBuilder::group_sum	Aggregations	MAPPED	Query.group_sum	golden:queries.txt:AGG_GSUM
corvid::QueryBuilder::group_avg	Aggregations	MAPPED	Query.group_avg	golden:queries.txt:AGG_GAVG
corvid::QueryBuilder::plan	Lifecycle	N/A	N/A	plan/explain diagnostics excluded from the v1 ABI (FFI.md §9)
corvid::QueryBuilder::plan_shape	Lifecycle	N/A	N/A	plan/explain diagnostics excluded from the v1 ABI (FFI.md §9)
corvid::QueryBuilder::explain	Lifecycle	N/A	N/A	plan/explain diagnostics excluded from the v1 ABI (FFI.md §9)
corvid::QueryBuilder::run	SELECT shaping	MAPPED	Query.run	golden:queries.txt:QVEC
corvid::Db	Lifecycle	MAPPED	Db	golden:admin.txt:FILEDB
corvid::Db::open	Lifecycle	MAPPED	Db.open/open_memory/collection/collections/backup/compact	golden:admin.txt (COLLECTIONS/BACKUP/COMPACT)
corvid::Db::open_in_memory	Lifecycle	MAPPED	Db.open/open_memory/collection/collections/backup/compact	golden:admin.txt (COLLECTIONS/BACKUP/COMPACT)
corvid::Db::open_with_backend	Lifecycle	N/A	N/A	wasm-only backend seam (redb StorageBackend over custom storage): no C-ABI/native equivalent; browser-binding machinery, not constructible here
corvid::Db::collection	Lifecycle	MAPPED	Db.open/open_memory/collection/collections/backup/compact	golden:admin.txt (COLLECTIONS/BACKUP/COMPACT)
corvid::Db::backup	Lifecycle	MAPPED	Db.open/open_memory/collection/collections/backup/compact	golden:admin.txt (COLLECTIONS/BACKUP/COMPACT)
corvid::Db::backup_with_backend	Lifecycle	N/A	N/A	wasm-only backend seam (redb StorageBackend over custom storage): no C-ABI/native equivalent; browser-binding machinery, not constructible here
corvid::Db::bulk	Lifecycle	N/A	N/A	put_many covers the bulk fast path (FFI.md §9); Db::bulk not exposed
corvid::Db::compact	Lifecycle	MAPPED	Db.open/open_memory/collection/collections/backup/compact	golden:admin.txt (COLLECTIONS/BACKUP/COMPACT)
corvid::Db::collections	Lifecycle	MAPPED	Db.open/open_memory/collection/collections/backup/compact	golden:admin.txt (COLLECTIONS/BACKUP/COMPACT)
corvid::Collection	Mutations	MAPPED	Collection	golden:mutations.txt:COLL
corvid::Collection::insert	Mutations	MAPPED	Collection.insert/update/patch/compare_and_set	golden:mutations.txt (INSERT/UPDATE/PATCH/CAS)
corvid::Collection::update	Mutations	MAPPED	Collection.insert/update/patch/compare_and_set	golden:mutations.txt (INSERT/UPDATE/PATCH/CAS)
corvid::Collection::patch	Mutations	MAPPED	Collection.insert/update/patch/compare_and_set	golden:mutations.txt (INSERT/UPDATE/PATCH/CAS)
corvid::Collection::compare_and_set	Mutations	MAPPED	Collection.insert/update/patch/compare_and_set	golden:mutations.txt (INSERT/UPDATE/PATCH/CAS)
corvid::Collection::for_each_doc	SELECT shaping	MAPPED	Collection.scan_each	golden:mutations.txt:SCAN/SCAN_STOP
corvid::Collection::len	SELECT shaping	MAPPED	Collection.__len__ / Collection.is_empty	golden:mutations.txt:LEN
corvid::Collection::is_empty	SELECT shaping	MAPPED	Collection.__len__ / Collection.is_empty	golden:mutations.txt:LEN
corvid::Collection::insert_batch	Mutations	MAPPED	Collection.insert_many	golden:mutations.txt:PUTMANY + golden:schema.txt:PUTMANY_ROLLBACK
corvid::Collection::insert_auto	Mutations	MAPPED	Collection.insert_auto	golden:mutations.txt:INSERT_AUTO
corvid::Collection::get	SELECT shaping	MAPPED	Collection.get	golden:mutations.txt:GET
corvid::Collection::delete	Mutations	MAPPED	Collection.delete/delete_where/delete_batch	golden:mutations.txt (DELETE/DELETE_WHERE/DELETE_BATCH)
corvid::Collection::delete_where	Mutations	MAPPED	Collection.delete/delete_where/delete_batch	golden:mutations.txt (DELETE/DELETE_WHERE/DELETE_BATCH)
corvid::Collection::delete_batch	Mutations	MAPPED	Collection.delete/delete_where/delete_batch	golden:mutations.txt (DELETE/DELETE_WHERE/DELETE_BATCH)
corvid::Collection::scan	SELECT shaping	MAPPED	Collection.scan	golden:mutations.txt:SCAN
corvid::Collection::page	SELECT shaping	MAPPED	Collection.page / Page	golden:mutations.txt:PAGE
corvid::Collection::page_where	SELECT shaping	N/A	N/A	filtered keyset pagination composes from filter+limit/offset (FFI.md §9 spec note)
corvid::db::Page	SELECT shaping	MAPPED	Collection.page / Page	golden:mutations.txt:PAGE
corvid::Store	Lifecycle	N/A	N/A	engine low-level byte KV (Store/WriteBatch/ReadBatch); the v1 binding is typed-document only (FFI.md ruling 1)
corvid::Store::open	Lifecycle	N/A	N/A	engine low-level byte KV (Store/WriteBatch/ReadBatch); the v1 binding is typed-document only (FFI.md ruling 1)
corvid::Store::open_in_memory	Lifecycle	N/A	N/A	engine low-level byte KV (Store/WriteBatch/ReadBatch); the v1 binding is typed-document only (FFI.md ruling 1)
corvid::Store::open_with_backend	Lifecycle	N/A	N/A	wasm-only backend seam (redb StorageBackend over custom storage): no C-ABI/native equivalent; browser-binding machinery, not constructible here
corvid::Store::set_relaxed_durability	Lifecycle	N/A	N/A	engine low-level byte KV (Store/WriteBatch/ReadBatch); the v1 binding is typed-document only (FFI.md ruling 1)
corvid::Store::begin_bulk	Lifecycle	N/A	N/A	engine low-level byte KV (Store/WriteBatch/ReadBatch); the v1 binding is typed-document only (FFI.md ruling 1)
corvid::Store::flush	Lifecycle	N/A	N/A	engine low-level byte KV (Store/WriteBatch/ReadBatch); the v1 binding is typed-document only (FFI.md ruling 1)
corvid::Store::compact	Lifecycle	N/A	N/A	engine low-level byte KV (Store/WriteBatch/ReadBatch); the v1 binding is typed-document only (FFI.md ruling 1)
corvid::Store::next_auto_id	Lifecycle	N/A	N/A	engine low-level byte KV (Store/WriteBatch/ReadBatch); the v1 binding is typed-document only (FFI.md ruling 1)
corvid::Store::backup	Lifecycle	N/A	N/A	engine low-level byte KV (Store/WriteBatch/ReadBatch); the v1 binding is typed-document only (FFI.md ruling 1)
corvid::Store::backup_with_backend	Lifecycle	N/A	N/A	wasm-only backend seam (redb StorageBackend over custom storage): no C-ABI/native equivalent; browser-binding machinery, not constructible here
corvid::Store::transaction	Lifecycle	N/A	N/A	engine low-level byte KV (Store/WriteBatch/ReadBatch); the v1 binding is typed-document only (FFI.md ruling 1)
corvid::Store::read	Lifecycle	N/A	N/A	engine low-level byte KV (Store/WriteBatch/ReadBatch); the v1 binding is typed-document only (FFI.md ruling 1)
corvid::Store::put	Lifecycle	N/A	N/A	engine low-level byte KV (Store/WriteBatch/ReadBatch); the v1 binding is typed-document only (FFI.md ruling 1)
corvid::Store::get	Lifecycle	N/A	N/A	engine low-level byte KV (Store/WriteBatch/ReadBatch); the v1 binding is typed-document only (FFI.md ruling 1)
corvid::Store::delete	Lifecycle	N/A	N/A	engine low-level byte KV (Store/WriteBatch/ReadBatch); the v1 binding is typed-document only (FFI.md ruling 1)
corvid::Store::scan	Lifecycle	N/A	N/A	engine low-level byte KV (Store/WriteBatch/ReadBatch); the v1 binding is typed-document only (FFI.md ruling 1)
corvid::Store::collections	Lifecycle	N/A	N/A	engine low-level byte KV (Store/WriteBatch/ReadBatch); the v1 binding is typed-document only (FFI.md ruling 1)
corvid::Store::scan_from	Lifecycle	N/A	N/A	engine low-level byte KV (Store/WriteBatch/ReadBatch); the v1 binding is typed-document only (FFI.md ruling 1)
corvid::Store::count	Lifecycle	N/A	N/A	engine low-level byte KV (Store/WriteBatch/ReadBatch); the v1 binding is typed-document only (FFI.md ruling 1)
corvid::Store::for_each	Lifecycle	N/A	N/A	engine low-level byte KV (Store/WriteBatch/ReadBatch); the v1 binding is typed-document only (FFI.md ruling 1)
corvid::Store::scan_prefix	Lifecycle	N/A	N/A	engine low-level byte KV (Store/WriteBatch/ReadBatch); the v1 binding is typed-document only (FFI.md ruling 1)
corvid::store::BulkScope	Lifecycle	N/A	N/A	engine low-level byte KV (Store/WriteBatch/ReadBatch); the v1 binding is typed-document only (FFI.md ruling 1)
corvid::store::WriteBatch	Lifecycle	N/A	N/A	engine low-level byte KV (Store/WriteBatch/ReadBatch); the v1 binding is typed-document only (FFI.md ruling 1)
corvid::store::WriteBatch::put	Lifecycle	N/A	N/A	engine low-level byte KV (Store/WriteBatch/ReadBatch); the v1 binding is typed-document only (FFI.md ruling 1)
corvid::store::WriteBatch::get	Lifecycle	N/A	N/A	engine low-level byte KV (Store/WriteBatch/ReadBatch); the v1 binding is typed-document only (FFI.md ruling 1)
corvid::store::WriteBatch::delete	Lifecycle	N/A	N/A	engine low-level byte KV (Store/WriteBatch/ReadBatch); the v1 binding is typed-document only (FFI.md ruling 1)
corvid::store::WriteBatch::scan	Lifecycle	N/A	N/A	engine low-level byte KV (Store/WriteBatch/ReadBatch); the v1 binding is typed-document only (FFI.md ruling 1)
corvid::store::WriteBatch::scan_from	Lifecycle	N/A	N/A	engine low-level byte KV (Store/WriteBatch/ReadBatch); the v1 binding is typed-document only (FFI.md ruling 1)
corvid::store::WriteBatch::next_auto_id	Lifecycle	N/A	N/A	engine low-level byte KV (Store/WriteBatch/ReadBatch); the v1 binding is typed-document only (FFI.md ruling 1)
corvid::store::ReadBatch	Lifecycle	N/A	N/A	engine low-level byte KV (Store/WriteBatch/ReadBatch); the v1 binding is typed-document only (FFI.md ruling 1)
corvid::store::ReadBatch::collections	Lifecycle	N/A	N/A	engine low-level byte KV (Store/WriteBatch/ReadBatch); the v1 binding is typed-document only (FFI.md ruling 1)
corvid::store::ReadBatch::auto_ids	Lifecycle	N/A	N/A	engine low-level byte KV (Store/WriteBatch/ReadBatch); the v1 binding is typed-document only (FFI.md ruling 1)
corvid::store::ReadBatch::get	Lifecycle	N/A	N/A	engine low-level byte KV (Store/WriteBatch/ReadBatch); the v1 binding is typed-document only (FFI.md ruling 1)
corvid::store::ReadBatch::scan	Lifecycle	N/A	N/A	engine low-level byte KV (Store/WriteBatch/ReadBatch); the v1 binding is typed-document only (FFI.md ruling 1)
corvid::store::ReadBatch::scan_from	Lifecycle	N/A	N/A	engine low-level byte KV (Store/WriteBatch/ReadBatch); the v1 binding is typed-document only (FFI.md ruling 1)
corvid::store::ReadBatch::scan_prefix	Lifecycle	N/A	N/A	engine low-level byte KV (Store/WriteBatch/ReadBatch); the v1 binding is typed-document only (FFI.md ruling 1)
corvid::store::ReadBatch::for_each	Lifecycle	N/A	N/A	engine low-level byte KV (Store/WriteBatch/ReadBatch); the v1 binding is typed-document only (FFI.md ruling 1)
corvid::Hit	Vector search	MAPPED	Row.score (Query.vector().run())	golden:queries.txt:QVEC
corvid::TextHit	Text search	MAPPED	Row.score (Query.text().run())	golden:queries.txt:QTEXT
corvid::Collection::text_search	Text search	N/A	N/A	direct search fn not exposed: the query builder replaces it (Query.vector()/text(); FFI.md §9)
corvid::Collection::phrase_search	Text search	MAPPED	Collection.phrase_search(field, phrase, k) — the direct positional search over the engine method	golden:queries.txt:PHRASE
corvid::Collection::vector_search	Vector search	N/A	N/A	direct search fn not exposed: the query builder replaces it (Query.vector()/text(); FFI.md §9)
corvid::text::Bm25Params	Text search	N/A	N/A	text-analysis internals; BM25 search is exposed via Query.text()
corvid::text::Bm25Params::new	Text search	N/A	N/A	text-analysis internals; BM25 search is exposed via Query.text()
corvid::text::Bm25Params::validate	Text search	N/A	N/A	text-analysis internals; BM25 search is exposed via Query.text()
corvid::text::tokenize	Text search	N/A	N/A	text-analysis internals; BM25 search is exposed via Query.text()
corvid::text::s_stem	Text search	N/A	N/A	text-analysis internals; BM25 search is exposed via Query.text()
corvid::text::Analyzer	Text search	N/A	N/A	text-analysis internals; BM25 search is exposed via Query.text()
corvid::text::Analyzer::raw	Text search	N/A	N/A	text-analysis internals; BM25 search is exposed via Query.text()
corvid::text::Analyzer::analyze	Text search	N/A	N/A	text-analysis internals; BM25 search is exposed via Query.text()
corvid::text::analyze	Text search	N/A	N/A	text-analysis internals; BM25 search is exposed via Query.text()
corvid::text::idf	Text search	N/A	N/A	text-analysis internals; BM25 search is exposed via Query.text()
corvid::text::term_score	Text search	N/A	N/A	text-analysis internals; BM25 search is exposed via Query.text()
corvid::DEFAULT_RRF_K	Hybrid	MAPPED	Query.fuse_rrf default k=60	golden:queries.txt:HYBRID
corvid::reciprocal_rank_fusion	Hybrid	N/A	N/A	internal fusion math; the binding knob is fuseRrf (golden:queries.txt HYBRID)
corvid::mmr	Hybrid	N/A	N/A	internal MMR math; the binding knob is rerankMmr (golden:queries.txt HYBRID)
corvid::haversine_km	Geo	N/A	N/A	pure geo helper; distances surface as GeoHit distance_km (golden:geo.txt NEAREST)
corvid::GeoHit	Geo	MAPPED	GeoHit { key, distance_km, document }	golden:geo.txt:RADIUS/NEAREST/BBOX
corvid::Collection::geo_within_radius	Geo	MAPPED	Collection.geo_within_radius/geo_nearest/geo_within_bbox/create_geo_index	golden:geo.txt (RADIUS/NEAREST/BBOX/IDX_GEO)
corvid::Collection::geo_nearest	Geo	MAPPED	Collection.geo_within_radius/geo_nearest/geo_within_bbox/create_geo_index	golden:geo.txt (RADIUS/NEAREST/BBOX/IDX_GEO)
corvid::Collection::geo_within_bbox	Geo	MAPPED	Collection.geo_within_radius/geo_nearest/geo_within_bbox/create_geo_index	golden:geo.txt (RADIUS/NEAREST/BBOX/IDX_GEO)
corvid::Collection::create_geo_index	Schema (ALTER)	MAPPED	Collection.geo_within_radius/geo_nearest/geo_within_bbox/create_geo_index	golden:geo.txt (RADIUS/NEAREST/BBOX/IDX_GEO)
corvid::Collection::link	Graph	MAPPED	Collection.link/link_weighted/unlink/neighbors/in_neighbors/neighbors_weighted/traverse	golden:graph.txt
corvid::Collection::link_weighted	Graph	MAPPED	Collection.link/link_weighted/unlink/neighbors/in_neighbors/neighbors_weighted/traverse	golden:graph.txt
corvid::Collection::neighbors_weighted	Graph	MAPPED	Collection.link/link_weighted/unlink/neighbors/in_neighbors/neighbors_weighted/traverse	golden:graph.txt
corvid::Collection::unlink	Graph	MAPPED	Collection.link/link_weighted/unlink/neighbors/in_neighbors/neighbors_weighted/traverse	golden:graph.txt
corvid::Collection::neighbors	Graph	MAPPED	Collection.link/link_weighted/unlink/neighbors/in_neighbors/neighbors_weighted/traverse	golden:graph.txt
corvid::Collection::in_neighbors	Graph	MAPPED	Collection.link/link_weighted/unlink/neighbors/in_neighbors/neighbors_weighted/traverse	golden:graph.txt
corvid::Collection::traverse	Graph	MAPPED	Collection.link/link_weighted/unlink/neighbors/in_neighbors/neighbors_weighted/traverse	golden:graph.txt
corvid::JoinRow	Joins	N/A	N/A	joins are not in the v1 binding API (no FFI symbol)
corvid::Collection::join	Joins	N/A	N/A	joins are not in the v1 binding API (no FFI symbol)
corvid::hnsw::DEFAULT_M	Vector search	N/A	N/A	standalone Hnsw builder is engine-internal; v1 creates indexes via createVectorIndex* (golden:schema.txt IDX_VEC*)
corvid::hnsw::DEFAULT_EF_CONSTRUCTION	Vector search	N/A	N/A	standalone Hnsw builder is engine-internal; v1 creates indexes via createVectorIndex* (golden:schema.txt IDX_VEC*)
corvid::Hnsw	Vector search	N/A	N/A	standalone Hnsw builder is engine-internal; v1 creates indexes via createVectorIndex* (golden:schema.txt IDX_VEC*)
corvid::Hnsw::new	Vector search	N/A	N/A	standalone Hnsw builder is engine-internal; v1 creates indexes via createVectorIndex* (golden:schema.txt IDX_VEC*)
corvid::Hnsw::with_params	Vector search	N/A	N/A	standalone Hnsw builder is engine-internal; v1 creates indexes via createVectorIndex* (golden:schema.txt IDX_VEC*)
corvid::Hnsw::with_quant	Vector search	N/A	N/A	standalone Hnsw builder is engine-internal; v1 creates indexes via createVectorIndex* (golden:schema.txt IDX_VEC*)
corvid::Hnsw::with_pq	Vector search	N/A	N/A	standalone Hnsw builder is engine-internal; v1 creates indexes via createVectorIndex* (golden:schema.txt IDX_VEC*)
corvid::Hnsw::len	Vector search	N/A	N/A	standalone Hnsw builder is engine-internal; v1 creates indexes via createVectorIndex* (golden:schema.txt IDX_VEC*)
corvid::Hnsw::is_empty	Vector search	N/A	N/A	standalone Hnsw builder is engine-internal; v1 creates indexes via createVectorIndex* (golden:schema.txt IDX_VEC*)
corvid::Hnsw::insert	Vector search	N/A	N/A	standalone Hnsw builder is engine-internal; v1 creates indexes via createVectorIndex* (golden:schema.txt IDX_VEC*)
corvid::Hnsw::search	Vector search	N/A	N/A	standalone Hnsw builder is engine-internal; v1 creates indexes via createVectorIndex* (golden:schema.txt IDX_VEC*)
corvid::Collection::create_vector_index	Schema (ALTER)	MAPPED	Collection.create_scalar_index/create_compound_index/create_text_index[/ondisk]/create_geo_index/create_vector_index* (6 variants)	golden:schema.txt:IDX_*
corvid::Collection::create_vector_index_quantized	Schema (ALTER)	MAPPED	Collection.create_scalar_index/create_compound_index/create_text_index[/ondisk]/create_geo_index/create_vector_index* (6 variants)	golden:schema.txt:IDX_*
corvid::Collection::create_vector_index_ondisk	Schema (ALTER)	MAPPED	Collection.create_scalar_index/create_compound_index/create_text_index[/ondisk]/create_geo_index/create_vector_index* (6 variants)	golden:schema.txt:IDX_*
corvid::Collection::create_vector_index_ondisk_quantized	Schema (ALTER)	MAPPED	Collection.create_scalar_index/create_compound_index/create_text_index[/ondisk]/create_geo_index/create_vector_index* (6 variants)	golden:schema.txt:IDX_*
corvid::Collection::create_vector_index_ondisk_pq	Schema (ALTER)	MAPPED	Collection.create_scalar_index/create_compound_index/create_text_index[/ondisk]/create_geo_index/create_vector_index* (6 variants)	golden:schema.txt:IDX_*
corvid::Collection::create_vector_index_pq	Schema (ALTER)	MAPPED	Collection.create_scalar_index/create_compound_index/create_text_index[/ondisk]/create_geo_index/create_vector_index* (6 variants)	golden:schema.txt:IDX_*
corvid::Collection::create_text_index	Schema (ALTER)	MAPPED	Collection.create_scalar_index/create_compound_index/create_text_index[/ondisk]/create_geo_index/create_vector_index* (6 variants)	golden:schema.txt:IDX_*
corvid::Collection::create_text_index_ondisk	Schema (ALTER)	MAPPED	Collection.create_scalar_index/create_compound_index/create_text_index[/ondisk]/create_geo_index/create_vector_index* (6 variants)	golden:schema.txt:IDX_*
corvid::Collection::create_scalar_index	Schema (ALTER)	MAPPED	Collection.create_scalar_index/create_compound_index/create_text_index[/ondisk]/create_geo_index/create_vector_index* (6 variants)	golden:schema.txt:IDX_*
corvid::Collection::create_compound_index	Schema (ALTER)	MAPPED	Collection.create_scalar_index/create_compound_index/create_text_index[/ondisk]/create_geo_index/create_vector_index* (6 variants)	golden:schema.txt:IDX_*
corvid::schema::FieldType	Schema (ALTER)	MAPPED	FieldType Literal ('any'|'bool'|'int'|'float'|'text'|'bytes'|'vector'|'array'|'map')	golden:schema.txt:SET_SCHEMA/SCHEMA
corvid::schema::FieldType::Any	Schema (ALTER)	MAPPED	FieldType Literal ('any'|'bool'|'int'|'float'|'text'|'bytes'|'vector'|'array'|'map')	golden:schema.txt:SET_SCHEMA/SCHEMA
corvid::schema::FieldType::Bool	Schema (ALTER)	MAPPED	FieldType Literal ('any'|'bool'|'int'|'float'|'text'|'bytes'|'vector'|'array'|'map')	golden:schema.txt:SET_SCHEMA/SCHEMA
corvid::schema::FieldType::Int	Schema (ALTER)	MAPPED	FieldType Literal ('any'|'bool'|'int'|'float'|'text'|'bytes'|'vector'|'array'|'map')	golden:schema.txt:SET_SCHEMA/SCHEMA
corvid::schema::FieldType::Float	Schema (ALTER)	MAPPED	FieldType Literal ('any'|'bool'|'int'|'float'|'text'|'bytes'|'vector'|'array'|'map')	golden:schema.txt:SET_SCHEMA/SCHEMA
corvid::schema::FieldType::Text	Schema (ALTER)	MAPPED	FieldType Literal ('any'|'bool'|'int'|'float'|'text'|'bytes'|'vector'|'array'|'map')	golden:schema.txt:SET_SCHEMA/SCHEMA
corvid::schema::FieldType::Bytes	Schema (ALTER)	MAPPED	FieldType Literal ('any'|'bool'|'int'|'float'|'text'|'bytes'|'vector'|'array'|'map')	golden:schema.txt:SET_SCHEMA/SCHEMA
corvid::schema::FieldType::Vector	Schema (ALTER)	MAPPED	FieldType Literal ('any'|'bool'|'int'|'float'|'text'|'bytes'|'vector'|'array'|'map')	golden:schema.txt:SET_SCHEMA/SCHEMA
corvid::schema::FieldType::Array	Schema (ALTER)	MAPPED	FieldType Literal ('any'|'bool'|'int'|'float'|'text'|'bytes'|'vector'|'array'|'map')	golden:schema.txt:SET_SCHEMA/SCHEMA
corvid::schema::FieldType::Map	Schema (ALTER)	MAPPED	FieldType Literal ('any'|'bool'|'int'|'float'|'text'|'bytes'|'vector'|'array'|'map')	golden:schema.txt:SET_SCHEMA/SCHEMA
corvid::schema::Field	Schema (ALTER)	MAPPED	Collection.set_schema/schema + SchemaField(name, ty, required, unique)	golden:schema.txt:SET_SCHEMA/SCHEMA/SCHEMA_ERR
corvid::schema::Field::new	Schema (ALTER)	MAPPED	Collection.set_schema/schema + SchemaField(name, ty, required, unique)	golden:schema.txt:SET_SCHEMA/SCHEMA/SCHEMA_ERR
corvid::schema::Field::required	Schema (ALTER)	MAPPED	Collection.set_schema/schema + SchemaField(name, ty, required, unique)	golden:schema.txt:SET_SCHEMA/SCHEMA/SCHEMA_ERR
corvid::schema::Field::unique	Schema (ALTER)	MAPPED	Collection.set_schema/schema + SchemaField(name, ty, required, unique)	golden:schema.txt:SET_SCHEMA/SCHEMA/SCHEMA_ERR
corvid::schema::Schema	Schema (ALTER)	MAPPED	Collection.set_schema/schema + SchemaField(name, ty, required, unique)	golden:schema.txt:SET_SCHEMA/SCHEMA/SCHEMA_ERR
corvid::schema::Schema::new	Schema (ALTER)	MAPPED	Collection.set_schema/schema + SchemaField(name, ty, required, unique)	golden:schema.txt:SET_SCHEMA/SCHEMA/SCHEMA_ERR
corvid::schema::Schema::field	Schema (ALTER)	MAPPED	Collection.set_schema/schema + SchemaField(name, ty, required, unique)	golden:schema.txt:SET_SCHEMA/SCHEMA/SCHEMA_ERR
corvid::schema::Schema::fields	Schema (ALTER)	MAPPED	Collection.set_schema/schema + SchemaField(name, ty, required, unique)	golden:schema.txt:SET_SCHEMA/SCHEMA/SCHEMA_ERR
corvid::Collection::set_schema	Schema (ALTER)	MAPPED	Collection.set_schema/schema + SchemaField(name, ty, required, unique)	golden:schema.txt:SET_SCHEMA/SCHEMA/SCHEMA_ERR
corvid::Collection::schema	Schema (ALTER)	MAPPED	Collection.set_schema/schema + SchemaField(name, ty, required, unique)	golden:schema.txt:SET_SCHEMA/SCHEMA/SCHEMA_ERR
corvid::ChangeKind	Lifecycle	N/A	N/A	events/subscriptions excluded from the v1 ABI: cross-language reentrancy (FFI.md §9)
corvid::ChangeKind::Insert	Lifecycle	N/A	N/A	events/subscriptions excluded from the v1 ABI: cross-language reentrancy (FFI.md §9)
corvid::ChangeKind::Delete	Lifecycle	N/A	N/A	events/subscriptions excluded from the v1 ABI: cross-language reentrancy (FFI.md §9)
corvid::ChangeEvent	Lifecycle	N/A	N/A	events/subscriptions excluded from the v1 ABI: cross-language reentrancy (FFI.md §9)
corvid::SubscriptionId	Lifecycle	N/A	N/A	events/subscriptions excluded from the v1 ABI: cross-language reentrancy (FFI.md §9)
corvid::Db::subscribe	Lifecycle	N/A	N/A	events/subscriptions excluded from the v1 ABI: cross-language reentrancy (FFI.md §9)
corvid::Db::unsubscribe	Lifecycle	N/A	N/A	events/subscriptions excluded from the v1 ABI: cross-language reentrancy (FFI.md §9)
corvid::SemanticCache	Lifecycle	N/A	N/A	semantic cache: young engine API, excluded from v1 bindings (FFI.md §9)
corvid::Collection::semantic_cache	Lifecycle	N/A	N/A	semantic cache: young engine API, excluded from v1 bindings (FFI.md §9)
corvid::SemanticCache::put	Lifecycle	N/A	N/A	semantic cache: young engine API, excluded from v1 bindings (FFI.md §9)
corvid::SemanticCache::get	Lifecycle	N/A	N/A	semantic cache: young engine API, excluded from v1 bindings (FFI.md §9)
corvid::HyperLogLog	Lifecycle	N/A	N/A	sketch data structure excluded from v1 bindings (FFI.md §9; reopen on user demand)
corvid::HyperLogLog::new	Lifecycle	N/A	N/A	sketch data structure excluded from v1 bindings (FFI.md §9; reopen on user demand)
corvid::HyperLogLog::with_precision	Lifecycle	N/A	N/A	sketch data structure excluded from v1 bindings (FFI.md §9; reopen on user demand)
corvid::HyperLogLog::add_bytes	Lifecycle	N/A	N/A	sketch data structure excluded from v1 bindings (FFI.md §9; reopen on user demand)
corvid::HyperLogLog::add_hash	Lifecycle	N/A	N/A	sketch data structure excluded from v1 bindings (FFI.md §9; reopen on user demand)
corvid::HyperLogLog::estimate	Lifecycle	N/A	N/A	sketch data structure excluded from v1 bindings (FFI.md §9; reopen on user demand)
corvid::BloomFilter	Lifecycle	N/A	N/A	sketch data structure excluded from v1 bindings (FFI.md §9; reopen on user demand)
corvid::BloomFilter::new	Lifecycle	N/A	N/A	sketch data structure excluded from v1 bindings (FFI.md §9; reopen on user demand)
corvid::BloomFilter::add_bytes	Lifecycle	N/A	N/A	sketch data structure excluded from v1 bindings (FFI.md §9; reopen on user demand)
corvid::BloomFilter::contains_bytes	Lifecycle	N/A	N/A	sketch data structure excluded from v1 bindings (FFI.md §9; reopen on user demand)
corvid::CuckooFilter	Lifecycle	N/A	N/A	sketch data structure excluded from v1 bindings (FFI.md §9; reopen on user demand)
corvid::CuckooFilter::new	Lifecycle	N/A	N/A	sketch data structure excluded from v1 bindings (FFI.md §9; reopen on user demand)
corvid::CuckooFilter::add_bytes	Lifecycle	N/A	N/A	sketch data structure excluded from v1 bindings (FFI.md §9; reopen on user demand)
corvid::CuckooFilter::contains_bytes	Lifecycle	N/A	N/A	sketch data structure excluded from v1 bindings (FFI.md §9; reopen on user demand)
corvid::CuckooFilter::delete_bytes	Lifecycle	N/A	N/A	sketch data structure excluded from v1 bindings (FFI.md §9; reopen on user demand)
corvid::TDigest	Lifecycle	N/A	N/A	sketch data structure excluded from v1 bindings (FFI.md §9; reopen on user demand)
corvid::TDigest::new	Lifecycle	N/A	N/A	sketch data structure excluded from v1 bindings (FFI.md §9; reopen on user demand)
corvid::TDigest::add	Lifecycle	N/A	N/A	sketch data structure excluded from v1 bindings (FFI.md §9; reopen on user demand)
corvid::TDigest::merge	Lifecycle	N/A	N/A	sketch data structure excluded from v1 bindings (FFI.md §9; reopen on user demand)
corvid::TDigest::quantile	Lifecycle	N/A	N/A	sketch data structure excluded from v1 bindings (FFI.md §9; reopen on user demand)
corvid::TDigest::cdf	Lifecycle	N/A	N/A	sketch data structure excluded from v1 bindings (FFI.md §9; reopen on user demand)
corvid::MinHash	Lifecycle	N/A	N/A	sketch data structure excluded from v1 bindings (FFI.md §9; reopen on user demand)
corvid::MinHash::new	Lifecycle	N/A	N/A	sketch data structure excluded from v1 bindings (FFI.md §9; reopen on user demand)
corvid::MinHash::signature	Lifecycle	N/A	N/A	sketch data structure excluded from v1 bindings (FFI.md §9; reopen on user demand)
corvid::MinHash::jaccard_estimate	Lifecycle	N/A	N/A	sketch data structure excluded from v1 bindings (FFI.md §9; reopen on user demand)
corvid::LshIndex	Lifecycle	N/A	N/A	sketch data structure excluded from v1 bindings (FFI.md §9; reopen on user demand)
corvid::LshIndex::new	Lifecycle	N/A	N/A	sketch data structure excluded from v1 bindings (FFI.md §9; reopen on user demand)
corvid::LshIndex::insert	Lifecycle	N/A	N/A	sketch data structure excluded from v1 bindings (FFI.md §9; reopen on user demand)
corvid::LshIndex::candidates	Lifecycle	N/A	N/A	sketch data structure excluded from v1 bindings (FFI.md §9; reopen on user demand)
corvid::Collection::approx_distinct	Aggregations	N/A	N/A	sketch data structure excluded from v1 bindings (FFI.md §9; reopen on user demand)
corvid::Collection::insert_with_ttl	TTL	MAPPED	Collection.insert_with_ttl/set_ttl/get_ttl/purge_expired	golden:mutations.txt (INSERT_TTL/SET_TTL/GET_TTL/PURGE)
corvid::Collection::set_ttl	TTL	MAPPED	Collection.insert_with_ttl/set_ttl/get_ttl/purge_expired	golden:mutations.txt (INSERT_TTL/SET_TTL/GET_TTL/PURGE)
corvid::Collection::ttl	TTL	MAPPED	Collection.insert_with_ttl/set_ttl/get_ttl/purge_expired	golden:mutations.txt (INSERT_TTL/SET_TTL/GET_TTL/PURGE)
corvid::Collection::purge_expired	TTL	MAPPED	Collection.insert_with_ttl/set_ttl/get_ttl/purge_expired	golden:mutations.txt (INSERT_TTL/SET_TTL/GET_TTL/PURGE)
corvid::Db::dump	Lifecycle	MAPPED	Db.dump_to_path/load_from_path/load_from_path_with_renames	golden:admin.txt (DUMP/LOAD/LOAD_RENAMES)
corvid::Db::load	Lifecycle	MAPPED	Db.dump_to_path/load_from_path/load_from_path_with_renames	golden:admin.txt (DUMP/LOAD/LOAD_RENAMES)
corvid::Db::load_with_renames	Lifecycle	MAPPED	Db.dump_to_path/load_from_path/load_from_path_with_renames	golden:admin.txt (DUMP/LOAD/LOAD_RENAMES)
corvid::pq::Pq	Vector search	N/A	N/A	PQ training/codec internals; exposed via createVectorIndexPq/OndiskPq (golden:schema.txt IDX_PQ*)
corvid::pq::Pq::code_len	Vector search	N/A	N/A	PQ training/codec internals; exposed via createVectorIndexPq/OndiskPq (golden:schema.txt IDX_PQ*)
corvid::pq::Pq::dim	Vector search	N/A	N/A	PQ training/codec internals; exposed via createVectorIndexPq/OndiskPq (golden:schema.txt IDX_PQ*)
corvid::pq::Pq::params	Vector search	N/A	N/A	PQ training/codec internals; exposed via createVectorIndexPq/OndiskPq (golden:schema.txt IDX_PQ*)
corvid::pq::Pq::train	Vector search	N/A	N/A	PQ training/codec internals; exposed via createVectorIndexPq/OndiskPq (golden:schema.txt IDX_PQ*)
corvid::pq::Pq::encode	Vector search	N/A	N/A	PQ training/codec internals; exposed via createVectorIndexPq/OndiskPq (golden:schema.txt IDX_PQ*)
corvid::pq::Pq::decode	Vector search	N/A	N/A	PQ training/codec internals; exposed via createVectorIndexPq/OndiskPq (golden:schema.txt IDX_PQ*)
corvid::pq::Pq::distance	Vector search	N/A	N/A	PQ training/codec internals; exposed via createVectorIndexPq/OndiskPq (golden:schema.txt IDX_PQ*)
corvid::pq::Pq::l2_table	Vector search	N/A	N/A	PQ training/codec internals; exposed via createVectorIndexPq/OndiskPq (golden:schema.txt IDX_PQ*)
corvid::pq::Pq::adc_l2	Vector search	N/A	N/A	PQ training/codec internals; exposed via createVectorIndexPq/OndiskPq (golden:schema.txt IDX_PQ*)
corvid::pq::Pq::to_bytes	Vector search	N/A	N/A	PQ training/codec internals; exposed via createVectorIndexPq/OndiskPq (golden:schema.txt IDX_PQ*)
corvid::pq::Pq::from_bytes	Vector search	N/A	N/A	PQ training/codec internals; exposed via createVectorIndexPq/OndiskPq (golden:schema.txt IDX_PQ*)
corvid::QueryPlan	Lifecycle	N/A	N/A	query-plan diagnostics and PlanCache excluded from the v1 ABI: advisory only (FFI.md §9)
corvid::QueryPlan::key	Lifecycle	N/A	N/A	query-plan diagnostics and PlanCache excluded from the v1 ABI: advisory only (FFI.md §9)
corvid::PlanCache	Lifecycle	N/A	N/A	query-plan diagnostics and PlanCache excluded from the v1 ABI: advisory only (FFI.md §9)
corvid::PlanCache::new	Lifecycle	N/A	N/A	query-plan diagnostics and PlanCache excluded from the v1 ABI: advisory only (FFI.md §9)
corvid::PlanCache::get	Lifecycle	N/A	N/A	query-plan diagnostics and PlanCache excluded from the v1 ABI: advisory only (FFI.md §9)
corvid::PlanCache::insert	Lifecycle	N/A	N/A	query-plan diagnostics and PlanCache excluded from the v1 ABI: advisory only (FFI.md §9)
corvid::PlanCache::get_or_insert_with	Lifecycle	N/A	N/A	query-plan diagnostics and PlanCache excluded from the v1 ABI: advisory only (FFI.md §9)
corvid::PlanCache::len	Lifecycle	N/A	N/A	query-plan diagnostics and PlanCache excluded from the v1 ABI: advisory only (FFI.md §9)
corvid::PlanCache::is_empty	Lifecycle	N/A	N/A	query-plan diagnostics and PlanCache excluded from the v1 ABI: advisory only (FFI.md §9)
